op,problem_id,size,variant,passed,max_abs_diff,median_ms,mean_ms,std_ms,min_ms,max_ms
softmax,23,2048x8192,eager,True,0.0,0.47916799783706665,0.4878771204352379,0.0761924719516419,0.43007999658584595,1.2922879457473755
softmax,23,2048x8192,torch.compile,True,5.820766091346741e-11,0.5335040092468262,0.5623082230687142,0.09815041379297364,0.447488009929657,1.287168025970459
softmax,23,2048x8192,triton,True,5.820766091346741e-11,0.48633600771427155,0.508515711903572,0.08403679068911798,0.4259839951992035,1.2871999740600586
softmax,23,4096x16384,eager,True,0.0,2.1048320531845093,2.1923429789543154,0.2969030317977643,2.0193281173706055,3.792736053466797
softmax,23,4096x16384,torch.compile,True,2.9103830456733704e-11,3.3453760147094727,3.4952550382614134,0.4618805753347985,3.1014719009399414,5.586944103240967
softmax,23,4096x16384,triton,True,3.637978807091713e-11,1.819648027420044,1.887154301404953,0.2307789693003425,1.726464033126831,3.0013439655303955
softmax,23,8192x32768,eager,True,0.0,13.553152084350586,14.03361074066162,0.716661881060159,13.383584022521973,15.815423965454102
softmax,23,8192x32768,torch.compile,True,1.4551915228366852e-11,20.203007698059082,20.539973554611205,8.280174980201759,13.475584030151367,106.80425262451172
softmax,23,8192x32768,triton,True,1.8189894035458565e-11,7.197184085845947,8.485644729614258,2.2722627860690294,6.989823818206787,17.32598304748535
matmul,1,128x128,eager,True,0.0,0.04095999896526337,0.0450660478901118,0.014741315603381015,0.0071680000983178616,0.2242559939622879
matmul,1,128x128,torch.compile,True,0.0,0.1196800023317337,0.1266964485673234,0.027858141497494087,0.00687999976798892,0.5212159752845764
matmul,1,128x128,triton,True,2.6702880859375e-05,0.06128000095486641,0.0670101762264967,0.0234986509613401,0.009216000325977802,0.48025599122047424
matmul,1,512x512,eager,True,0.0,0.08089599758386612,0.09492051191627979,0.04530033757133862,0.04608000069856644,0.5151360034942627
matmul,1,512x512,torch.compile,True,0.0,0.1443839967250824,0.17672352071106434,0.058504681202381996,0.04608000069856644,0.638975977897644
matmul,1,512x512,triton,True,0.00018310546875,0.09113600105047226,0.09400953637063503,0.009307686268428907,0.048128001391887665,0.16047999262809753
matmul,1,2048x2048,eager,True,0.0,2.2456319332122803,2.757890239715576,1.8803877964257825,2.0725760459899902,10.305472373962402
matmul,1,2048x2048,torch.compile,True,0.0,2.3162879943847656,2.840612418174744,1.8743702229014432,2.143104076385498,10.488832473754883
matmul,1,2048x2048,triton,True,0.0,2.397183895111084,2.891238658428192,1.7794794989448808,2.2578558921813965,12.108799934387207
